{"mean_perc_zero":0.3158922493457794,"clipped_grad_norm":1.5256974697113037,"step":1,"vt_clean_norm":NaN,"mt_clean_norm":NaN,"_timestamp":1.7455452990982158e+09,"_step":1,"mt_norm":NaN,"vt_norm":NaN,"train_loss":15.909472942352295,"_runtime":98.214167,"private_grad_norm":0.5789830684661865,"mean_perc_corr":0.37080928683280945,"epoch":1,"clean_grad_norm":91.314208984375,"vt_corr_norm":NaN,"_wandb":{"runtime":111}}