{"dp_epsilon":0.02498955052033282,"test_loss":2.3058850500318737,"_runtime":19.038266533,"test_step":0,"_timestamp":1.7455529310496767e+09,"test_accuracy":0.095703125,"best_test_accuracy":0.095703125,"_wandb":{"runtime":19},"_step":0}