{"loss":1.5091801881790161,"epoch_step":47,"steps_per_epoch":48,"test_step":3000,"_runtime":887.707510733,"test_loss":1.510136948691474,"dp_epsilon":0.919289821471746,"update_norm":8.733835220336914,"step":3359,"test_accuracy":0.5004340277777778,"_wandb":{"runtime":887},"perc_corr1":0.4955962300300598,"eps":0.9770437718268348,"_timestamp":1.7455550843073993e+09,"learning_rate":4.999999873689376e-06,"epoch":69,"perc_corr2":1,"best_test_accuracy":0.5004340277777778,"_step":3363}