{"step":3359,"perc_corr2":1,"steps_per_epoch":48,"eps":0.9770437718268348,"_timestamp":1.7455542162029974e+09,"_runtime":892.854014615,"test_accuracy":0.5004340277777778,"loss":1.5091801881790161,"best_test_accuracy":0.5004340277777778,"epoch":69,"test_step":3000,"update_norm":8.733835220336914,"epoch_step":47,"test_loss":1.510136948691474,"learning_rate":4.999999873689376e-06,"dp_epsilon":0.919289821471746,"_step":3363,"perc_corr1":0.4955962300300598,"_wandb":{"runtime":892}}